product_url,category
http://localhost:7770/3-5mm-headphones-for-moto-g-pure-2021-jelanry-wired-in-ear-earbuds-with-mic-volume-control-3-5mm-jack-earphones-for-macbook-pro-ps5-pc-laptop-iphone-6s-5s-se-ipad-ipod-pixel-5a-samsung-a13-a12-s10.html,Earbud Headphones
http://localhost:7770/7artisans-7-5mm-f2-8-ii-manual-fisheye-lens-compatible-with-mft-m4-3-mount-cameras-gm1-gm5-gm7-gx1-gx7-gx8-epm1-epm2-e-p1-e-p2-e-p3-e-p5-e-m1-e-m1ii-e-m5-e-m5ii.html,Lenses
http://localhost:7770/acer-h9500bd-3d-1080p-home-theater-projector.html,Video Projectors
http://localhost:7770/amazrock-high-definition-headphone-wireless-bluetooth-super-bass-ab18-hd-bluetooth-over-the-ear-headphones-with-microphone-noise-isolation-high-end-driver-42-hour-playtime-50mm-driver.html,Over-Ear Headphones
http://localhost:7770/anchor-new-zealand-cheddar.html,Cheese
http://localhost:7770/baileys-original-irish-cream-chocolate-truffles-milk-chocolate-non-alcoholic-chocolate-candy.html,Chocolate
http://localhost:7770/basswood-hunters-23-x-15-oval-vintage-decorative-wall-mirror-white-wooden-crown-frame-antique-princess-decor-for-bedroom-playroom-dressers-living-room.html,Mirrors
http://localhost:7770/benq-mu686-high-brightness-low-noise-business-projector-with-wuxga-for-wireless-presentation-projector.html,Video Projectors
http://localhost:7770/bluetooth-stereo-headset-wireless-headphones-with-mic-with-usb-adapter-dongle-for-pc-great-for-home-office-business-pc-call-centers-skype-calls-foldable-on-ear-design.html,On-Ear Headphones
http://localhost:7770/bond-ost-whole-round-with-caraway-seed.html,Cheese
http://localhost:7770/cadbury-mini-eggs-milk-chocolate-with-crisp-shell-candy-easter-1-5-oz-bag.html,Chocolate
http://localhost:7770/canon-90d-digital-slr-camera-body-only-renewed.html,Digital Cameras
http://localhost:7770/canon-ef-24-105mm-f-4-l-is-usm-lens-for-canon-eos-slr-cameras-white-box-bulk-packaging.html,Lenses
http://localhost:7770/canon-eos-m100-mirrorless-digital-camera-with-15-45mm-lens-black-essential-photo-bundle.html,Digital Cameras
http://localhost:7770/canon-rf14-35mm-f4-l-is-usm-lens.html,Lenses
http://localhost:7770/cotogni-p3-true-wireless-earbuds-bluetooth-headphones-with-type-c-charging-case-and-mic-in-ear-stereo-earphones-headset-white.html,Earbud Headphones
http://localhost:7770/cougar-vm410-ultra-lightweight-over-ear-headset.html,Over-Ear Headphones
http://localhost:7770/dayton-audio-iosub-10-ip66-indoor-outdoor-subwoofer-150w-black.html,Speakers
http://localhost:7770/definitive-technology-ueva-di-6-5str-round-stereo-in-ceiling-speaker-single.html,Speakers
http://localhost:7770/denon-ah-d5200-over-ear-headphones.html,Over-Ear Headphones
http://localhost:7770/enuosuma-mini-projector-portable-video-projector-for-outdoor-home-theater-movie-projector-compatible-with-full-hd-1080p-hdmi-usb-av-laptop-smartphone.html,Video Projectors
http://localhost:7770/evil-eye-wall-mirrors-decorative-metal-mirrors-gold-mirror-with-tassels-great-wall-art-for-bathroom-bedroom-living-room-large-1.html,Mirrors
http://localhost:7770/focal-focal-elegia-closed-back-circum-aural-headphones-black.html,Over-Ear Headphones
http://localhost:7770/fujifilm-finepix-s5100-4mp-digital-camera-with-10x-optical-zoom.html,Digital Cameras
http://localhost:7770/fulvi-grated-pecorino-romano.html,Cheese
http://localhost:7770/genuine-pecorino-romano-sold-by-the-pound.html,Cheese
http://localhost:7770/godox-tt350s-2-4g-hss-1-8000s-ttl-gn36-camera-speedlite-compatible-for-sony-mirrorless-digital-camera.html,Flashes
http://localhost:7770/gsangoo-in-ear-usb-c-earphones-with-microphone-for-galaxy-s21-ultra-note-20-earbuds-stereo-sound-noise-isolation-wired-type-c-headphones-for-oneplus-8t-9-pro-samsung-s20-fe-s20-plus-google-pixel-6-pro.html,Earbud Headphones
http://localhost:7770/h-homebroad-gold-geometric-wall-mirror-28-metal-framed-wall-mounted-decor-for-the-living-room-bathroom-bedroom-and-entryway.html,Mirrors
http://localhost:7770/holga-60mm-f-8-lens-for-canon-dslr-black.html,Lenses
http://localhost:7770/infocus-lp600-business-dlp-video-projector.html,Video Projectors
http://localhost:7770/jvc-gumy-ha-f14-a-stereo-earphones-haf14-peppermint-blue.html,Earbud Headphones
http://localhost:7770/kate-and-laurel-hogan-9-windowpane-wood-wall-mirror-rustic-caramel-26x32.html,Mirrors
http://localhost:7770/kids-digital-camera-heegomn-2-8-inch-lcd-20mp-compact-digital-camera-for-boys-and-girls-gift-portable-point-and-shoot-digital-camera-with-8x-digital-zoom-and-rechargeable-battery.html,Digital Cameras
http://localhost:7770/lg-43up8000pua-alexa-built-in-43-4k-smart-uhd-tv-2021-renewed.html,Televisions
http://localhost:7770/meke-35mm-t2-2-large-aperture-manual-focus-low-distortion-4k-mini-cine-lens-for-micro-four-thirds-m43-mft-olympus-panasonic-lumix-bmpcc-4k-zcam-e2-gh5-gh6-om-1.html,Lenses
http://localhost:7770/mini-wifi-bluetooth-projector-ellephas-1080p-full-hd-supported-movie-projector-home-theater-video-projector-with-100-projector-screen-zoom-compatible-with-android-ios-pc-tv-stick-ps4-dvd-player.html,Video Projectors
http://localhost:7770/mitsubishi-dlp-projector-xd90u.html,Video Projectors
http://localhost:7770/mocohanar-hanging-round-mirror-with-macrame-fringe-tassels-art-boho-decorative-mirror-wall-decor-for-apartment-living-room-bedroom-baby-nursery-dorm-entryways-small.html,Mirrors
http://localhost:7770/monster-mobile-clarity-in-ear-headphones.html,Earbud Headphones
http://localhost:7770/native-1080p-wifi-bluetooth-projector-dbpower-8000l-full-hd-outdoor-movie-projector-support-ios-android-sync-screen-zoom-home-theater-video-projector-compatible-w-pc-dvd-tv-carrying-case-included.html,Video Projectors
http://localhost:7770/nec-np410w-2600-lumens-lcd-projector.html,Video Projectors
http://localhost:7770/nec-np64-3000-lumens-xga-dlp-projector.html,Video Projectors
http://localhost:7770/new-oem-dell-multimedia-soundbar-speaker-sound-bar-ax510-black-ax510pa-c730c-dw711-lcd-468-7411-313-6412-313-6219-313-6413-313-6412-monitor-flat-panel-screen-black-home-theater-ultrasharp.html,Speakers
http://localhost:7770/nikon-af-s-dx-nikkor-16-80mm-f-2-8-4e-ed-vibration-reduction-zoom-lens-with-auto-focus-for-nikon-dslr-cameras.html,Lenses
http://localhost:7770/nikon-af-s-fx-nikkor-80-400mm-f-4-5-5-6g-ed-vibration-reduction-zoom-lens-with-auto-focus-for-nikon-dslr-cameras-renewed.html,Lenses
http://localhost:7770/nikon-coolpix-b500-16mp-digital-camera-with-3-inch-tft-lcd-screen-nikkor-lens-with-40x-optical-zoom-wifi-64gb-memory-card-black.html,Digital Cameras
http://localhost:7770/nikon-coolpix-b500-wi-fi-nfc-digital-camera-w-40x-zoom-hd-video-plum-international-version-no-warranty-4-aa-batteries-with-charger-10pc-32gb-dlx-accessory-kit-w-herofiber-cleaning-cloth.html,Digital Cameras
http://localhost:7770/nissin-air-r-wireless-radio-receiver-compatible-with-fits-sony-flashes.html,Flashes
http://localhost:7770/panasonic-lumix-dmc-fz18k-8-1mp-digital-camera-with-18x-wide-angle-mega-optical-image-stabilized-zoom-black.html,Digital Cameras
http://localhost:7770/panasonic-lumix-dmc-fz70-digital-camera-60x-optical-zoom-16mp-black-4gb-sdhc-card.html,Digital Cameras
http://localhost:7770/panasonic-lumix-g-h-h020-20mm-f-1-7-aspherical-pancake-lens-for-micro-four-thirds-interchangeable-digital-slr-cameras.html,Lenses
http://localhost:7770/panasonic-lumix-g-macro-lens-30mm-f2-8-asph-mirrorless-micro-four-thirds-mega-optical-i-s-h-hs030-usa-black.html,Lenses
http://localhost:7770/panasonic-lumix-s-24-105mm-f4-lens-full-frame-l-mount-optical-image-stabilizer-and-rugged-dust-splash-freeze-resistant-s-r24105-usa-black.html,Lenses
http://localhost:7770/perioscience-sensitive-toothpaste-soothing-oral-care-hydroxyapatite-anti-cavity-whitening-enamel-defense-for-mouth-sensitivity-ao-pro-dentist-recommended-clean-teeth-plaque-removal.html,Toothpaste
http://localhost:7770/piknik-white-cheese.html,Cheese
http://localhost:7770/polk-reserve-series-r200-large-bookshelf-speaker-for-dynamic-audio-new-1-pinnacle-ring-tweeter-6-5-turbine-cone-woofer-hi-res-certified-dolby-atmos-imax-enhanced-wall-mountable-pair.html,Speakers
http://localhost:7770/pyle-home-theater-amplifier-audio-bluetooth-mp3-usb-sd-aux-fm-black-receiver-sound-system-with-4x-dual-100-watt-3-way-indoor-outdoor-studio-black-speakers-enrock-audio-16-gauge-50-foot-speaker-wire.html,Speakers
http://localhost:7770/queijo-minas-mineiro-curado-brazilian-minas-cheese-gourmet-aged-cheese.html,Cheese
http://localhost:7770/reaper-bros-holiday-digital-decoration-kit-includes-16-atmosfx-video-effects-for-halloween-christmas-and-more-kit-includes-a-1900-lumen-projector-and-a-48-x-72-holographic-projection-screen.html,Video Projectors
http://localhost:7770/rectangular-gold-frame-wall-mirror-perfect-for-bedroom-bathroom-vanity-living-room-entryway-hangs-horizontal-vertical-27-x-33-easy-mounting-by-ecohome.html,Mirrors
http://localhost:7770/renewed-jlab-audio-jbuds-air-true-wireless-signature-bluetooth-earbuds-charging-case-black-ip55-sweat-resistance-bluetooth-5-0-connection.html,Earbud Headphones
http://localhost:7770/renewed-nikon-d7500-dx-dslr-camera-body.html,Digital Cameras
http://localhost:7770/rockville-rockbar-40-400w-bluetooth-home-theater-soundbar-system-w-wireless-sub.html,Speakers
http://localhost:7770/round-decorative-wall-mirror-brass-project-62.html,Mirrors
http://localhost:7770/samsung-693-hg32nf693gf-32-1080p-led-lcd-tv-16-9-hdtv-black-atsc-1920-x-1080-dolby-digital-plus-10-w-rms-led-backlight-smart-tv-3-x-hdmi-usb-ethernet-wireless-lan-dln.html,Televisions
http://localhost:7770/samsung-hw-jm45c-r-soundbar-with-subwoofer.html,Speakers
http://localhost:7770/samsung-level-u-bluetooth-wireless-in-ear-headphones-with-microphone-black-sapphire.html,Earbud Headphones
http://localhost:7770/sephia-sp3060vc-earbuds-wired-in-ear-headphones-with-microphone-noise-isolating-ear-bud-tips-enhanced-bass-case-3-5mm-earphone-jack-3-9-feet-long-cord-for-smartphones-laptops-tablets-computers.html,Earbud Headphones
http://localhost:7770/sonos-bridege-for-sonos-wireless-network-discontinued-by-manufacturer.html,Speakers
http://localhost:7770/sonos-playbar-tv-sound-bar-wireless-streaming-music-speaker-certified-refurbished-works-with-alexa.html,Speakers
http://localhost:7770/sony-cybershot-dsc-s650-7-2-mp-3x-optical-zoom-digital-camera-silver.html,Digital Cameras
http://localhost:7770/soundbar-wireless-subwoofer-home-theater-system-for-sharp-hdtv-television-tv.html,Speakers
http://localhost:7770/sports-wireless-earbuds-soundnova-airsport2-2nd-gen-60h-premium-bluetooth-v5-1-sport-headphones-with-led-display-charging-case-top-deep-bass-ipx7-waterproof-earphones-for-gym-running-workout.html,Earbud Headphones
http://localhost:7770/srhythm-nc35-noise-cancelling-headphones-real-over-ear-wireless-lightweight-durable-foldable-bluetooth-headset-bundles-with-protein-leather-earpads-replacement-memory-foam-cushions.html,Over-Ear Headphones
http://localhost:7770/supereq-s8-active-noise-cancelling-headphones-on-ear-bluetooth-headsets-w-built-in-mic-for-kids-adults-wireless-wired-2-in-1-18-hrs-playtime-hifi-audio-for-pc-computer-laptop-tablet-phones.html,On-Ear Headphones
http://localhost:7770/superx-bluetooth-5-0-wireless-earbuds-with-charging-case-ipx5-sweatproof-headset-headphones-in-ear-built-in-mic-industrial-leading-tws-sound-with-sport-pumping-bass-platinum-silver.html,Earbud Headphones
http://localhost:7770/t-mobile-revvl-4-6-2-al-5007w-4g-lte-32gb-t-mobile-13mp-android-smartphone-graphite-renewed.html,Cell Phones
http://localhost:7770/talent-rf-309-silent-disco-3-channel-headphones-with-3-color-led-single-pair.html,Over-Ear Headphones
http://localhost:7770/the-hillman-group-122200-mirror-rosettes-clear.html,Mirrors
http://localhost:7770/tilta-nucleus-m-wireless-lens-control-system-full-kit-w-hard-case-wireless-follow-focus-wlc-t03.html,Lenses
http://localhost:7770/tom-s-of-maine-natural-wicked-fresh-fluoride-toothpaste-cool-peppermint-4-7-ounce.html,Toothpaste
http://localhost:7770/tracfone-samsung-s150g-double-minutes-tracfone.html,Cell Phones
http://localhost:7770/tv-sound-bar-with-built-in-subwoofer-2-0-channel-sound-bar-with-wired-and-wireless-bluetooth-5-0-home-audio-speaker-24-inch-60w-deep-bass-wall-mountable.html,Speakers
http://localhost:7770/unihertz-atom-xl-the-smallest-dmr-walkie-talkie-rugged-smartphone-android-10-unlocked-6gb-128gb.html,Cell Phones
http://localhost:7770/usb-type-c-earbud-headphones-hi-res-in-ear-earphone-with-mic-compatible-with-ipad-pro-macbook-pro-air-google-pixel-3a-xl-3-2-oneplus-8-7-motorola-htc-sony-xperia-xiaomi-essential-usb-c-phone.html,Earbud Headphones
http://localhost:7770/viltrox-56mm-f1-4-autofocus-lens-for-fuji-large-aperture-aps-c-format-portrait-lens-for-fujifilm-x-mount-cameras-x-t200-t30-t4-t3-a7-pro3-with-usb-upgrade-port.html,Lenses
http://localhost:7770/wharfedale-diamond-220-black.html,Speakers
http://localhost:7770/wireless-earbuds-with-charging-case-bluetooth-5-0-earphones-20hrs-playing-time-in-ear-clear-call-stereo-sound-built-in-mic-sweatproof-auto-pairing-for-iphone-samsung-android-noise-cancelling.html,Earbud Headphones
http://localhost:7770/wireless-earbuds.html,Earbud Headphones
http://localhost:7770/wireless-headphones-10-hours-playtime-picun-hifi-stereo-bluetooth-headphones-ipx7-waterproof-sports-earbuds-with-hd-mic-magnetic-anti-fall-off-painless-fit-for-running-gym-workout-gift-black.html,Earbud Headphones
http://localhost:7770/wireless-v5-bluetooth-earbuds-works-for-apple-iphone-12-12-pro-12-pro-max-12-mini-with-charging-case-for-in-ear-headphones-v5-0-black.html,Earbud Headphones
http://localhost:7770/xiaomi-redmi-note-10-pro-128gb-6gb-ram-factory-unlocked-gsm-only-not-compatible-with-verizon-sprint-international-model-glacier-blue.html,Cell Phones
http://localhost:7770/xit-xt30wab-30mm-0-43x-wide-angle-lens-for-camera-black.html,Lenses
http://localhost:7770/zeriyu-bluetooth-soundbar-16-inch-wireless-tv-speaker-home-stereo-theater-surround-sound-bar-colorful-ring-led-light-music-player-support-rca-aux-usb-tf-bs-20a.html,Speakers
